,Model,Label Propagation,Test Accuracy,Train Accuracy,Validation Accuracy
0,Balanced Random Forest,Label Propagation,0.38315217391304346,0.3847024854215026,0.251959686450168
1,RUS Boost,Label Propagation,0.21218297101449277,0.21757345864235975,0.09686450167973125
2,Balanced Random Forest,No Propagation,0.34600355239786856,0.3536726174615863,0.20716685330347145
3,RUS Boost,No Propagation,0.40071047957371225,0.4122035704769518,0.20604703247480402
