,Model,Label Propagation,Test Accuracy,Train Accuracy,Validation Accuracy
0,Random Forest,No Propagation,0.48373844573776104,0.4721413899349538,0.19876819708846585
1,Ada-Boost,No Propagation,0.42297158507360494,0.41685210544334134,0.1864501679731243
2,Naive Bayes,No Propagation,0.3485107839780897,0.33404655939746664,0.20156774916013437
